<?xml version="1.0" encoding="UTF-8"?>
<project-private xmlns="http://www.netbeans.org/ns/project-private/1">
    <editor-bookmarks xmlns="http://www.netbeans.org/ns/editor-bookmarks/2" lastBookmarkId="0"/>
    <open-files xmlns="http://www.netbeans.org/ns/projectui-open-files/2">
        <group>
            <file>file:/C:/Users/vianr/Downloads/ProyectoADS%20(2)/ProyectoADS/src/Logica/Clases.java</file>
            <file>file:/C:/Users/vianr/Downloads/ProyectoADS%20(2)/ProyectoADS/src/proyectoads/FXML_AvanceEstudiante.fxml</file>
            <file>file:/C:/Users/vianr/Downloads/ProyectoADS%20(2)/ProyectoADS/src/proyectoads/FXML_AvanceEstudianteController.java</file>
            <file>file:/C:/Users/vianr/Downloads/ProyectoADS%20(2)/ProyectoADS/src/Logica/Pensum.java</file>
            <file>file:/C:/Users/vianr/Downloads/ProyectoADS%20(2)/ProyectoADS/src/proyectoads/FXML_ConsultarPromedioController.java</file>
            <file>file:/C:/Users/vianr/Downloads/ProyectoADS%20(2)/ProyectoADS/src/proyectoads/FXML_MostrarPensumController.java</file>
            <file>file:/C:/Users/vianr/Downloads/ProyectoADS%20(2)/ProyectoADS/src/proyectoads/FXMLController.java</file>
        </group>
    </open-files>
</project-private>
