<?xml version="1.0" encoding="UTF-8"?>
<project-private xmlns="http://www.netbeans.org/ns/project-private/1">
    <editor-bookmarks xmlns="http://www.netbeans.org/ns/editor-bookmarks/2" lastBookmarkId="0"/>
    <open-files xmlns="http://www.netbeans.org/ns/projectui-open-files/2">
        <group>
            <file>file:/C:/Users/cabol/OneDrive%20-%20Pontificia%20Universidad%20Javeriana/Documents/Felipe/Semestre-4/Analisis%20y%20Diseño%20de%20Software/ejemplo%20figuras/ProyectoADS/src/proyectoads/FXML_MostrarPensumController.java</file>
            <file>file:/C:/Users/cabol/OneDrive%20-%20Pontificia%20Universidad%20Javeriana/Documents/Felipe/Semestre-4/Analisis%20y%20Diseño%20de%20Software/ejemplo%20figuras/ProyectoADS/src/proyectoads/FXML_AvanceEstudianteController.java</file>
            <file>file:/C:/Users/cabol/OneDrive%20-%20Pontificia%20Universidad%20Javeriana/Documents/Felipe/Semestre-4/Analisis%20y%20Diseño%20de%20Software/ejemplo%20figuras/ProyectoADS/src/proyectoads/FXML_MostrarPensum.fxml</file>
            <file>file:/C:/Users/cabol/OneDrive%20-%20Pontificia%20Universidad%20Javeriana/Documents/Felipe/Semestre-4/Analisis%20y%20Diseño%20de%20Software/ejemplo%20figuras/ProyectoADS/src/proyectoads/FXMLController.java</file>
            <file>file:/C:/Users/cabol/OneDrive%20-%20Pontificia%20Universidad%20Javeriana/Documents/Felipe/Semestre-4/Analisis%20y%20Diseño%20de%20Software/ejemplo%20figuras/ProyectoADS/src/proyectoads/FXML_AvanceEstudiante.fxml</file>
            <file>file:/C:/Users/cabol/OneDrive%20-%20Pontificia%20Universidad%20Javeriana/Documents/Felipe/Semestre-4/Analisis%20y%20Diseño%20de%20Software/ejemplo%20figuras/ProyectoADS/src/proyectoads/FXML_ConsultarPromedioController.java</file>
            <file>file:/C:/Users/cabol/OneDrive%20-%20Pontificia%20Universidad%20Javeriana/Documents/Felipe/Semestre-4/Analisis%20y%20Diseño%20de%20Software/ejemplo%20figuras/ProyectoADS/src/proyectoads/FXML_ConsultarPromedio.fxml</file>
            <file>file:/C:/Users/cabol/OneDrive%20-%20Pontificia%20Universidad%20Javeriana/Documents/Felipe/Semestre-4/Analisis%20y%20Diseño%20de%20Software/ejemplo%20figuras/ProyectoADS/src/proyectoads/FXML_menu.fxml</file>
            <file>file:/C:/Users/cabol/OneDrive%20-%20Pontificia%20Universidad%20Javeriana/Documents/Felipe/Semestre-4/Analisis%20y%20Diseño%20de%20Software/ejemplo%20figuras/ProyectoADS/src/proyectoads/NewFXMain.java</file>
        </group>
    </open-files>
</project-private>
